household_id,time_of_use,appliances_used,energy_cost,home_type,occupancy_type,energy_usage
1,9.61,2,3.94,House,Single,0
2,22.87,6,6.14,House,Single,1
3,17.84,12,0.0,Apartment,Family,1
4,14.77,5,6.54,House,Family,1
5,4.59,13,9.18,Unknown,Family,1
6,4.59,10,6.32,House,Single,0
7,2.34,9,8.8,Condo,Family,0
8,20.92,12,7.38,Unknown,Family,1
9,14.83,5,1.65,Apartment,Single,0
10,17.29,2,9.07,Apartment,Single,0
11,1.47,5,1.13,Unknown,Family,0
12,23.31,12,5.57,House,Family,1
13,20.15,4,1.85,Condo,Single,0
14,5.88,11,0.61,Condo,Family,0
15,5.18,7,4.51,House,Single,0
16,5.22,6,3.3,Apartment,Single,0
17,8.0,14,5.12,Apartment,Family,1
18,13.07,2,5.98,Apartment,Family,0
19,10.93,12,0.92,Apartment,Family,0
20,7.7,11,1.67,House,Family,1
21,15.07,11,5.81,House,Single,1
22,12.675,13,3.76,House,Family,1
23,7.72,5,7.43,Apartment,Single,0
24,9.43,7,6.7,Apartment,Single,0
25,11.49,11,8.53,Apartment,Single,0
26,19.06,7,7.08,Apartment,Single,0
27,5.59,5,0.0,Condo,Single,0
28,12.675,12,0.0,Apartment,Family,1
29,14.63,9,3.12,House,Family,1
30,2.07,4,3.41,Apartment,Family,0
31,14.97,11,8.0,Condo,Single,0
32,12.675,3,4.74,House,Family,1
33,12.675,4,8.08,Apartment,Single,0
34,22.82,5,8.31,House,Single,1
35,23.21,13,8.65,Unknown,Family,1
36,19.59,6,9.21,Condo,Single,0
37,12.675,3,4.59,Apartment,Single,0
38,12.675,2,3.53,Condo,Family,0
39,16.74,14,6.03,Condo,Single,1
40,11.12,13,4.03,Condo,Single,0
41,12.675,4,0.0,House,Family,1
42,12.39,5,7.2,House,Family,1
43,1.79,4,0.0,House,Family,0
44,21.91,14,4.06,House,Single,1
45,6.95,11,2.09,House,Family,1
46,16.24,13,4.59,House,Family,1
47,8.17,12,1.85,House,Family,1
48,12.96,3,8.96,House,Family,1
49,13.57,8,3.79,Condo,Single,0
50,5.25,10,1.97,Apartment,Single,0
51,23.3,4,0.74,Condo,Single,1
52,18.83,14,6.64,House,Single,1
53,22.61,2,6.55,Condo,Family,1
54,21.58,7,0.0,House,Single,0
55,14.75,1,1.18,Apartment,Family,0
56,12.675,13,4.39,Condo,Family,1
57,3.04,7,0.0,Apartment,Single,0
58,5.51,10,6.93,Condo,Single,0
59,12.675,9,6.25,House,Family,1
60,8.48,14,0.0,House,Family,1
61,9.94,11,0.0,Apartment,Single,0
62,7.24,7,9.89,House,Single,0
63,12.675,12,4.81,Apartment,Family,1
64,9.21,10,0.0,Apartment,Family,0
65,7.46,7,1.84,Apartment,Single,0
66,13.48,13,5.11,Apartment,Family,1
67,4.24,7,0.76,Condo,Single,0
68,19.45,8,0.0,Unknown,Single,0
69,2.71,1,9.66,Apartment,Single,0
70,23.7,10,4.15,House,Single,1
71,18.76,13,0.87,Apartment,Single,0
72,12.675,10,0.79,House,Family,1
73,1.13,8,4.19,Condo,Single,0
74,19.76,4,2.02,Condo,Single,0
75,17.26,4,0.72,House,Single,0
76,17.77,4,7.68,House,Single,1
77,18.74,6,4.86,Apartment,Single,0
78,2.7,7,3.25,Condo,Single,0
79,9.24,6,9.05,Apartment,Family,1
80,12.675,1,1.6,Unknown,Family,0
81,20.85,12,9.58,House,Single,1
82,15.34,8,3.48,House,Family,1
83,8.61,13,8.94,Apartment,Family,1
84,2.46,10,6.23,Condo,Family,0
85,8.15,11,8.35,Apartment,Single,0
86,8.48,13,9.85,House,Family,1
87,17.78,7,3.24,Apartment,Single,0
88,15.66,7,9.63,Apartment,Family,1
89,21.41,7,4.2,House,Family,1
90,11.86,5,4.16,House,Single,0
91,3.75,6,3.73,Apartment,Family,0
92,12.675,12,5.64,Apartment,Single,0
93,18.5,7,1.96,House,Family,1
94,13.91,10,0.0,House,Family,1
95,18.73,9,5.65,Condo,Single,0
96,12.36,10,0.0,Apartment,Single,0
97,13.02,7,8.42,Apartment,Family,1
98,12.675,10,4.68,Apartment,Single,0
99,1.58,9,3.37,Apartment,Single,0
100,3.48,7,2.96,House,Single,0
101,1.72,10,2.35,House,Family,1
102,15.64,8,1.05,Apartment,Family,0
103,12.675,8,3.75,Apartment,Single,0
104,12.7,1,3.07,Apartment,Single,0
105,12.675,10,9.68,Condo,Single,1
106,6.73,11,5.8,Condo,Single,0
107,10.44,5,3.8,Apartment,Single,0
108,18.38,4,6.01,Apartment,Family,0
109,6.26,2,1.82,Condo,Single,0
110,2.77,7,4.72,Condo,Single,0
111,7.66,3,6.45,House,Single,0
112,4.71,4,5.14,Apartment,Family,0
113,22.38,12,4.32,Apartment,Family,1
114,19.59,7,9.94,House,Family,1
115,15.57,10,0.0,Apartment,Single,0
116,21.04,9,6.42,Apartment,Single,0
117,19.48,2,5.91,House,Single,0
118,5.29,3,6.4,Apartment,Single,0
119,12.675,7,0.0,House,Single,1
120,13.4,10,4.25,Apartment,Family,1
121,19.57,1,0.87,Apartment,Family,0
122,21.61,7,5.02,House,Family,1
123,12.675,2,0.0,Apartment,Single,0
124,3.53,5,2.66,Condo,Family,0
125,6.24,1,9.66,Unknown,Single,0
126,10.82,7,9.14,Apartment,Single,0
127,12.675,12,7.36,House,Family,1
128,20.8,7,5.57,Apartment,Single,0
129,1.16,1,8.76,Condo,Single,0
130,12.75,7,0.0,Apartment,Single,0
131,10.6,5,8.01,House,Family,1
132,6.11,1,1.69,Unknown,Family,0
133,3.76,6,8.05,House,Single,0
134,8.77,5,3.12,Condo,Family,0
135,22.69,3,8.83,Condo,Single,0
136,8.43,12,9.47,Apartment,Single,0
137,12.93,7,1.91,Apartment,Family,0
138,17.17,11,4.9,Condo,Family,1
139,9.36,10,0.0,Condo,Family,1
140,23.35,7,5.09,Unknown,Single,0
141,23.14,14,8.7,Unknown,Family,1
142,6.79,13,0.0,Apartment,Single,0
143,12.44,13,4.07,Condo,Family,1
144,7.92,9,3.21,Unknown,Single,0
145,7.55,14,2.43,Apartment,Family,0
146,1.85,9,7.74,House,Family,1
147,12.675,2,4.17,Apartment,Single,0
148,12.56,3,5.36,House,Family,1
149,2.18,7,5.18,House,Single,0
150,7.41,5,5.98,Apartment,Family,0
151,21.89,2,8.72,Apartment,Single,1
152,6.51,3,9.82,House,Single,1
153,12.675,10,4.37,Apartment,Family,0
154,12.26,6,8.36,Unknown,Family,1
155,23.67,13,7.76,Condo,Single,1
156,6.57,7,5.95,House,Single,0
157,16.46,9,9.58,Unknown,Family,1
158,18.52,1,2.4,Apartment,Single,0
159,6.47,11,1.54,Apartment,Single,0
160,17.75,7,8.61,Apartment,Family,1
161,9.46,8,4.67,House,Single,0
162,15.54,12,8.55,House,Single,1
163,15.57,7,8.98,Apartment,Family,1
164,13.32,3,0.0,Apartment,Single,0
165,3.08,4,8.89,Apartment,Family,0
166,12.675,10,4.76,House,Family,1
167,8.38,6,5.35,Apartment,Family,0
168,5.29,10,6.45,Unknown,Single,0
169,12.675,7,9.3,Apartment,Family,0
170,14.59,13,0.0,Condo,Family,1
171,16.58,7,5.03,Condo,Family,1
172,1.38,4,7.03,Apartment,Single,0
173,12.78,8,7.37,Apartment,Family,0
174,6.21,5,7.08,House,Family,1
175,15.84,1,1.78,Apartment,Single,0
176,5.01,4,3.34,Unknown,Family,0
177,12.675,3,3.91,Condo,Family,1
178,9.89,9,8.14,House,Family,1
179,22.54,8,0.0,Condo,Single,0
180,4.16,1,2.5,Apartment,Family,0
181,8.84,11,9.6,Apartment,Single,0
182,3.61,6,0.0,House,Single,0
183,12.675,9,9.98,Apartment,Single,1
184,12.675,7,6.93,House,Family,1
185,6.93,4,8.37,Apartment,Single,0
186,16.18,13,3.3,Apartment,Family,1
187,19.8,1,0.64,Condo,Family,0
188,13.77,12,7.51,Apartment,Single,0
189,13.18,2,8.42,Condo,Single,0
190,12.675,12,7.53,Condo,Single,0
191,3.14,5,1.86,House,Family,0
192,12.675,12,7.66,House,Family,1
193,21.71,11,7.8,Unknown,Family,1
194,15.56,5,6.76,Condo,Single,0
195,8.8,8,7.78,Apartment,Family,0
196,9.03,6,8.54,House,Family,1
197,12.675,8,6.33,House,Family,1
198,21.63,2,1.34,House,Single,1
199,21.4,3,5.13,House,Single,0
200,18.94,6,1.24,Apartment,Single,0
201,15.77,12,4.37,House,Single,1
202,2.94,13,4.37,Condo,Single,0
203,12.675,10,1.13,Apartment,Single,0
204,21.67,3,3.81,Condo,Single,0
205,14.95,6,1.55,House,Single,0
206,1.21,6,8.18,Condo,Family,0
207,3.33,2,9.5,House,Family,1
208,16.26,7,1.19,House,Family,1
209,1.12,7,9.57,Apartment,Single,1
210,4.7,2,0.0,Condo,Single,0
211,13.62,6,3.35,Apartment,Family,0
212,16.91,1,1.23,Condo,Single,0
213,16.0,3,5.26,Condo,Family,0
214,6.16,2,8.05,Apartment,Single,0
215,17.38,7,7.22,Apartment,Family,1
216,6.46,14,0.98,House,Single,0
217,8.48,4,1.19,Apartment,Single,0
218,18.17,8,0.0,Condo,Family,1
219,15.94,6,3.31,Apartment,Single,0
220,20.53,12,2.71,Apartment,Family,1
221,16.13,10,3.17,Condo,Family,1
222,14.07,4,8.13,House,Family,1
223,12.675,5,9.33,Condo,Family,1
224,9.46,13,4.35,Apartment,Single,0
225,12.675,13,0.0,Unknown,Single,1
226,6.61,9,3.55,House,Family,1
227,23.38,7,5.03,House,Family,1
228,10.04,10,2.65,House,Single,1
229,21.52,7,6.58,House,Single,1
230,15.52,14,9.8,House,Family,1
231,19.28,9,6.23,Apartment,Family,1
232,12.56,7,3.9,House,Family,1
233,14.27,12,6.65,Apartment,Single,0
234,12.33,1,1.67,House,Single,0
235,5.49,7,8.94,Apartment,Single,0
236,17.62,8,5.28,House,Family,1
237,7.46,4,4.77,Unknown,Family,1
238,1.56,3,6.07,Apartment,Family,0
239,15.85,14,6.44,Apartment,Single,0
240,5.07,13,0.0,Apartment,Single,0
241,22.63,7,6.98,House,Family,1
242,22.94,12,2.8,Condo,Family,1
243,22.04,3,7.28,Apartment,Family,1
244,12.675,8,8.31,House,Single,1
245,1.36,6,8.14,Apartment,Family,0
246,22.35,5,5.75,House,Single,1
247,10.85,4,5.44,Condo,Family,1
248,23.23,8,1.86,Apartment,Single,0
249,23.16,8,7.87,House,Family,1
250,20.62,12,3.08,Unknown,Single,0
251,7.77,1,5.22,Apartment,Family,0
252,9.86,9,3.2,Unknown,Family,0
253,20.58,14,1.77,Apartment,Family,1
254,8.29,5,6.48,House,Single,0
255,4.9,4,1.02,House,Single,0
256,13.81,6,7.61,House,Single,0
257,22.53,6,3.52,Apartment,Family,1
258,17.01,2,0.5,Apartment,Single,0
259,14.11,8,5.36,House,Family,1
260,3.24,7,0.95,Condo,Family,0
261,15.15,1,3.12,Apartment,Family,0
262,23.77,5,7.22,Condo,Single,0
263,4.22,12,1.1,House,Family,1
264,12.92,6,8.47,House,Single,1
265,21.18,4,0.54,House,Family,1
266,18.04,2,2.84,Unknown,Family,0
267,12.675,13,7.54,Apartment,Single,0
268,17.16,14,3.5,House,Single,1
269,9.27,4,1.47,Apartment,Family,0
270,7.75,1,3.92,Condo,Family,0
271,19.62,7,3.07,House,Single,0
272,19.63,7,8.51,Apartment,Family,1
273,20.94,13,3.48,House,Single,1
274,22.0,2,7.99,Apartment,Single,0
275,12.76,9,8.97,House,Family,1
276,12.53,5,4.62,House,Family,1
277,19.36,2,9.14,Condo,Family,1
278,15.95,11,4.08,House,Single,0
279,17.15,9,9.66,Unknown,Family,1
280,19.3,9,1.35,House,Single,0
281,12.675,1,7.03,Unknown,Single,0
282,8.77,11,5.19,Apartment,Family,0
283,12.675,3,4.18,Apartment,Single,0
284,3.16,4,6.51,Apartment,Family,0
285,14.3,14,7.19,Apartment,Single,1
286,1.83,7,0.54,House,Single,0
287,11.71,10,2.09,House,Single,0
288,13.48,4,7.27,House,Single,0
289,7.59,7,6.83,Apartment,Single,0
290,14.59,7,9.68,House,Family,1
291,1.7,6,7.73,Unknown,Family,0
292,12.675,3,9.53,House,Single,0
293,19.92,6,7.17,House,Single,1
294,9.28,11,3.33,Apartment,Family,0
295,3.92,6,1.5,Apartment,Family,0
296,13.01,12,0.0,Unknown,Single,0
297,18.71,5,6.62,Condo,Single,0
298,12.675,4,0.96,Condo,Family,0
299,15.33,10,3.92,House,Single,1
300,2.96,12,9.59,Apartment,Single,0
301,2.19,1,5.25,House,Family,0
302,13.22,10,4.61,House,Family,1
303,13.43,6,4.85,House,Family,1
304,15.66,2,2.48,Apartment,Family,0
305,17.7,13,4.0,Unknown,Family,1
306,23.44,3,4.01,House,Single,0
307,12.87,14,1.0,Unknown,Single,0
308,8.43,8,7.79,Apartment,Single,0
309,19.29,10,4.46,Apartment,Single,0
310,7.23,14,8.31,House,Family,1
311,12.675,14,8.58,Condo,Family,1
312,2.8,6,2.51,Condo,Family,0
313,1.58,3,6.74,House,Family,1
314,23.14,7,4.99,House,Single,1
315,20.23,4,8.86,Apartment,Single,0
316,17.01,14,2.55,Unknown,Family,1
317,12.675,9,6.94,Apartment,Family,0
318,4.99,5,6.27,House,Family,1
319,4.6,3,3.31,Apartment,Family,0
320,6.76,2,1.8,Apartment,Family,0
321,13.63,11,6.69,Apartment,Family,1
322,17.44,2,7.52,Apartment,Single,0
323,16.18,3,3.5,Apartment,Family,0
324,7.44,2,6.63,Apartment,Family,0
325,22.96,14,4.25,Condo,Single,0
326,17.97,4,7.28,Unknown,Family,1
327,13.75,2,2.39,House,Single,0
328,15.07,10,8.96,Condo,Family,1
329,10.65,9,3.23,Condo,Single,0
330,6.7,2,3.99,House,Family,1
331,9.19,7,1.05,Condo,Single,0
332,18.43,13,1.56,Apartment,Family,1
333,1.33,6,5.4,Apartment,Single,0
334,3.67,1,3.04,House,Single,0
335,12.675,4,8.44,House,Family,1
336,1.94,14,0.64,House,Family,0
337,20.68,1,4.1,Apartment,Single,0
338,17.18,14,3.7,Apartment,Single,0
339,11.91,6,0.68,Unknown,Single,1
340,12.675,7,1.68,Apartment,Family,0
341,12.31,13,4.43,House,Single,1
342,11.89,4,5.18,House,Single,0
343,4.98,3,4.34,House,Family,0
344,12.675,3,5.54,House,Single,0
345,10.17,9,6.15,Condo,Single,0
346,12.675,6,0.59,House,Family,1
347,15.61,9,0.0,House,Family,1
348,2.04,13,9.65,House,Family,1
349,9.62,5,5.43,Apartment,Single,0
350,15.39,2,6.94,Apartment,Single,0
351,12.57,8,3.46,Apartment,Single,0
352,12.675,5,7.85,House,Family,1
353,16.15,2,7.84,House,Single,0
354,4.75,4,5.45,Condo,Single,0
355,2.62,9,9.77,Apartment,Single,0
356,15.78,4,1.69,Apartment,Family,0
357,1.61,13,0.66,Condo,Single,0
358,14.47,12,7.82,Apartment,Family,1
359,22.63,12,8.17,House,Single,1
360,14.24,12,1.64,House,Family,1
361,9.93,13,3.02,House,Single,0
362,15.8,14,0.67,Apartment,Family,1
363,12.675,4,3.29,Unknown,Family,0
364,12.675,2,7.84,Unknown,Single,0
365,22.65,13,5.42,House,Family,1
366,9.88,12,3.81,House,Family,1
367,23.11,6,4.03,Apartment,Family,0
368,21.82,13,0.51,House,Family,1
369,5.5,11,3.35,Condo,Single,0
370,2.6,14,6.64,Apartment,Single,0
371,3.32,7,9.75,House,Single,0
372,1.42,12,8.55,House,Single,1
373,3.17,7,0.72,Apartment,Single,0
374,16.71,3,9.04,Apartment,Single,0
375,2.64,3,7.94,House,Single,0
376,8.34,5,7.91,Condo,Family,1
377,20.43,3,4.85,Unknown,Single,0
378,1.54,2,4.28,House,Single,0
379,19.73,10,3.38,House,Family,1
380,7.48,9,1.12,Apartment,Single,0
381,3.72,2,2.67,House,Single,0
382,17.02,14,2.84,House,Single,1
383,15.47,11,5.1,Apartment,Family,0
384,21.18,2,7.6,Unknown,Family,1
385,17.91,13,0.0,House,Single,1
386,19.48,8,1.05,Apartment,Family,0
387,7.49,9,9.6,Condo,Family,1
388,5.08,7,9.46,Apartment,Family,0
389,18.26,7,7.96,Apartment,Family,1
390,19.56,9,9.92,Apartment,Family,1
391,23.78,3,5.67,House,Single,1
392,10.49,5,9.65,House,Single,0
393,12.675,9,1.22,Apartment,Family,0
394,12.675,12,3.97,House,Family,1
395,8.84,14,2.64,Apartment,Family,1
396,22.41,14,2.36,House,Family,1
397,20.74,3,1.84,House,Family,1
398,10.87,7,6.41,House,Single,0
399,18.27,12,7.92,Condo,Family,1
400,18.35,1,5.99,Apartment,Family,0
401,3.37,4,1.9,Unknown,Family,0
402,21.76,4,8.21,House,Family,1
403,12.62,7,6.54,Condo,Family,1
404,20.01,7,4.19,Apartment,Single,0
405,8.36,1,6.9,Apartment,Single,0
406,21.6,5,2.97,Apartment,Single,0
407,9.95,7,3.78,House,Family,1
408,1.25,12,0.0,Apartment,Family,1
409,21.82,4,0.0,House,Single,0
410,3.1,13,4.96,Condo,Family,0
411,8.34,4,8.96,House,Single,0
412,22.85,4,7.22,Unknown,Single,0
413,22.86,12,1.09,House,Single,1
414,14.19,6,1.9,Apartment,Family,0
415,15.53,7,0.57,Condo,Family,0
416,12.675,2,6.49,House,Family,1
417,7.74,7,4.75,Apartment,Single,0
418,8.56,4,1.78,House,Family,1
419,16.47,14,9.6,House,Family,1
420,18.3,13,5.53,House,Single,1
421,19.21,3,2.8,Apartment,Single,0
422,19.16,7,5.26,Condo,Single,0
423,12.675,11,6.96,Condo,Family,0
424,12.37,12,1.22,House,Family,1
425,12.675,6,3.11,Unknown,Family,0
426,13.64,14,8.17,Apartment,Single,0
427,11.16,7,4.87,House,Family,1
428,21.42,5,5.69,House,Single,1
429,12.675,13,4.61,House,Single,1
430,3.69,6,0.92,House,Family,0
431,4.29,5,0.0,Apartment,Single,0
432,18.51,14,4.73,Apartment,Family,1
433,15.22,7,2.49,Apartment,Single,0
434,3.33,2,0.97,Apartment,Family,0
435,2.93,14,8.51,House,Single,1
436,17.12,7,9.82,Apartment,Family,1
437,2.67,5,8.03,Apartment,Single,0
438,19.9,6,8.61,House,Single,1
439,17.24,6,2.8,House,Family,1
440,2.87,5,9.63,Condo,Single,0
441,2.95,10,0.0,House,Family,0
442,23.69,7,9.54,Apartment,Family,1
443,9.61,10,0.0,Condo,Single,0
444,9.52,8,7.26,House,Single,0
445,19.69,7,9.82,Apartment,Family,1
446,22.79,5,5.91,House,Family,1
447,23.68,1,2.97,Condo,Family,0
448,18.33,7,4.65,Apartment,Family,1
449,9.65,5,6.14,Apartment,Family,0
450,2.92,10,1.19,Apartment,Single,0
451,18.87,2,6.41,Apartment,Family,0
452,13.84,7,9.82,House,Family,1
453,10.76,5,2.31,House,Single,0
454,21.85,5,0.0,Apartment,Single,0
455,3.56,2,9.13,Condo,Single,0
456,12.33,5,9.47,House,Single,1
457,1.26,13,9.62,House,Family,1
458,12.675,4,5.45,Condo,Single,0
459,2.29,7,9.78,Apartment,Single,0
460,3.73,3,7.69,House,Single,0
461,3.7,1,2.04,House,Family,0
462,15.93,12,5.03,Condo,Family,1
463,18.16,11,7.32,House,Single,1
464,14.42,5,2.85,Apartment,Single,0
465,23.13,4,6.59,Condo,Family,1
466,9.62,7,6.83,Apartment,Family,0
467,7.57,5,2.05,Condo,Single,0
468,12.675,10,5.87,Condo,Single,0
469,12.675,14,7.83,Apartment,Single,0
470,23.15,7,5.24,Unknown,Single,1
471,12.675,2,0.61,Apartment,Family,0
472,23.31,4,0.59,House,Family,1
473,12.675,12,3.89,House,Family,1
474,21.5,2,9.3,House,Family,1
475,13.14,8,2.67,Condo,Single,0
476,23.84,3,6.53,House,Family,1
477,2.7,7,2.61,House,Family,0
478,13.74,13,3.56,Unknown,Single,0
479,23.29,4,8.56,Condo,Single,0
480,13.03,13,7.42,Apartment,Family,1
481,15.48,6,0.0,Condo,Single,0
482,17.0,10,4.57,Unknown,Single,0
483,11.45,5,0.78,Condo,Family,0
484,15.43,10,5.07,Apartment,Family,0
485,14.44,13,6.79,Apartment,Family,1
486,21.73,1,0.0,House,Family,1
487,2.05,9,3.24,House,Single,0
488,7.46,1,4.28,Unknown,Family,0
489,22.86,8,9.24,Unknown,Family,1
490,21.48,9,9.94,House,Family,1
491,11.48,9,0.93,Condo,Single,0
492,15.26,1,7.73,Apartment,Family,1
493,7.38,2,4.03,Apartment,Family,0
494,5.33,12,4.23,House,Single,0
495,11.67,13,7.67,Apartment,Single,0
496,9.13,1,9.23,Unknown,Single,0
497,14.42,10,9.53,Condo,Single,1
498,2.79,2,5.98,House,Family,1
499,12.675,10,3.89,Apartment,Single,0
500,12.675,12,7.98,House,Single,1
501,17.06,8,2.88,House,Family,1
502,13.33,5,5.86,Unknown,Single,0
503,8.12,12,3.91,Unknown,Family,1
504,19.72,11,6.74,House,Single,1
505,16.75,7,2.78,House,Family,1
506,4.74,2,2.32,House,Family,1
507,12.675,8,9.22,Condo,Family,1
508,19.92,11,1.47,House,Single,1
509,22.85,6,5.31,House,Family,1
510,17.69,8,2.6,Apartment,Single,0
511,15.11,1,0.87,House,Single,0
512,10.62,1,0.84,House,Single,0
513,22.45,12,2.16,Apartment,Family,1
514,20.92,7,8.73,Apartment,Family,1
515,2.04,8,3.18,House,Family,1
516,1.61,13,9.53,House,Single,1
517,9.66,3,6.03,House,Single,0
518,19.64,5,4.65,Apartment,Family,1
519,23.71,12,6.01,House,Single,1
520,4.46,1,5.41,Apartment,Family,0
521,14.67,7,7.71,House,Single,1
522,9.76,5,3.18,Apartment,Family,0
523,23.31,8,3.85,Apartment,Family,1
524,20.37,13,8.99,Apartment,Single,0
525,20.28,8,9.49,Apartment,Single,0
526,11.78,9,8.98,Apartment,Family,1
527,10.54,7,4.48,Apartment,Family,0
528,7.29,11,7.91,House,Single,1
529,2.3,1,5.03,House,Single,0
530,20.89,13,5.23,Apartment,Family,1
531,19.7,3,2.44,Condo,Family,0
532,23.99,8,6.12,Apartment,Single,0
533,23.92,3,2.27,House,Family,1
534,13.77,8,3.65,Apartment,Single,0
535,18.69,1,8.62,Apartment,Family,0
536,22.73,5,2.47,House,Single,1
537,20.54,4,1.18,House,Family,1
538,6.69,5,1.16,Condo,Family,0
539,11.36,8,9.44,House,Family,1
540,3.97,10,5.32,Condo,Family,0
541,22.94,14,4.39,Unknown,Family,1
542,14.94,7,8.2,Apartment,Family,1
543,6.26,11,8.44,Apartment,Family,1
544,16.45,4,3.66,Apartment,Family,0
545,15.22,7,7.09,House,Family,1
546,9.24,7,7.83,House,Single,1
547,3.61,3,6.72,Apartment,Single,0
548,16.45,12,1.94,Condo,Family,1
549,12.97,3,0.0,Unknown,Single,0
550,18.76,11,5.62,Apartment,Family,1
551,12.96,7,3.18,Unknown,Single,0
552,20.6,5,4.54,Apartment,Family,0
553,13.69,7,0.86,Apartment,Family,0
554,13.9,14,1.71,Apartment,Family,0
555,21.16,6,7.77,House,Family,1
556,10.28,8,0.5,Apartment,Single,0
557,12.675,10,4.46,Apartment,Single,0
558,1.66,6,5.46,Condo,Single,0
559,18.37,12,1.02,House,Family,1
560,15.27,1,9.74,Condo,Single,0
561,17.19,8,2.65,Apartment,Family,1
562,5.9,8,3.39,Apartment,Single,0
563,4.14,9,3.39,House,Single,0
564,12.675,9,2.69,Apartment,Single,0
565,9.06,2,0.51,Apartment,Family,0
566,14.57,2,7.43,House,Family,1
567,10.02,3,9.69,House,Single,0
568,11.06,1,2.63,House,Family,1
569,21.8,4,6.8,House,Single,1
570,9.01,14,7.55,House,Family,1
571,12.82,4,8.56,Apartment,Family,0
572,19.02,14,0.0,Apartment,Single,0
573,10.12,9,3.38,Unknown,Family,0
574,15.31,9,0.0,Apartment,Single,0
575,20.83,9,7.27,Condo,Family,1
576,12.675,10,8.26,House,Single,1
577,4.38,7,2.23,House,Family,1
578,12.675,14,4.02,Apartment,Single,0
579,12.32,2,9.07,Apartment,Family,0
580,6.94,10,8.16,Apartment,Family,1
581,11.56,5,9.86,Apartment,Family,1
582,23.54,4,7.67,Apartment,Family,1
583,12.33,7,4.24,House,Family,1
584,8.56,11,6.11,House,Single,0
585,15.57,8,6.78,House,Single,1
586,6.52,2,0.0,House,Single,0
587,2.74,6,5.67,Condo,Family,0
588,3.96,13,7.24,Apartment,Single,0
589,3.95,5,2.09,Apartment,Family,0
590,4.49,12,7.92,Apartment,Family,1
591,12.675,7,6.05,House,Single,0
592,15.74,11,0.0,Condo,Single,0
593,5.18,10,0.9,Unknown,Single,0
594,8.95,1,3.02,Unknown,Single,0
595,21.63,8,6.21,Unknown,Single,0
596,11.9,2,3.32,Apartment,Single,0
597,16.35,7,7.29,Apartment,Family,1
598,4.96,9,7.71,House,Family,1
599,5.42,9,1.47,Condo,Single,0
600,1.94,8,5.38,Apartment,Single,0
601,4.89,11,5.33,Unknown,Single,0
602,7.41,14,4.01,Apartment,Family,0
603,5.07,12,9.36,House,Family,1
604,3.04,7,8.36,House,Single,0
605,12.675,7,7.12,House,Single,0
606,11.6,2,7.29,Condo,Family,0
607,5.75,6,4.89,Condo,Single,0
608,9.38,7,9.25,Condo,Single,0
609,12.675,14,7.1,Apartment,Family,1
610,12.675,4,7.43,House,Single,1
611,1.9,5,8.69,Unknown,Single,0
612,19.39,12,3.1,House,Family,1
613,15.44,3,8.17,House,Single,1
614,2.88,14,2.35,House,Single,0
615,21.09,1,3.78,House,Family,1
616,22.18,8,3.69,Condo,Single,0
617,2.4,7,9.8,Apartment,Family,0
618,7.37,3,8.64,House,Family,1
619,19.54,10,7.16,Apartment,Family,1
620,18.21,14,7.41,Apartment,Family,1
621,5.24,7,5.84,Apartment,Single,0
622,5.82,7,0.0,Unknown,Family,1
623,9.52,1,5.21,Condo,Family,0
624,12.14,7,4.11,Unknown,Family,1
625,15.22,9,2.05,Condo,Single,0
626,9.49,2,7.97,Apartment,Single,0
627,11.64,5,7.48,Apartment,Family,0
628,18.19,13,4.15,House,Single,1
629,1.84,14,0.74,House,Family,1
630,12.675,7,0.0,House,Single,0
631,17.41,14,0.61,Apartment,Single,0
632,21.59,8,7.19,House,Family,1
633,12.77,14,9.72,House,Family,1
634,13.24,8,4.66,Apartment,Family,0
635,12.675,14,2.73,House,Single,0
636,11.29,7,7.2,Unknown,Single,1
637,13.25,7,8.26,House,Single,1
638,6.58,12,5.69,Apartment,Single,0
639,7.19,11,9.69,House,Single,1
640,9.68,7,0.99,Apartment,Family,0
641,1.46,6,5.3,Apartment,Family,0
642,8.41,11,0.0,House,Family,1
643,5.86,9,8.7,Unknown,Family,1
644,8.53,6,2.2,Apartment,Single,0
645,3.75,12,8.1,House,Family,1
646,21.48,13,5.75,House,Single,1
647,14.65,7,4.27,Unknown,Family,1
648,16.62,2,1.75,House,Single,0
649,19.15,2,8.72,House,Family,1
650,12.46,13,1.99,House,Family,1
651,3.0,5,3.44,Apartment,Family,0
652,13.35,4,3.26,Apartment,Family,0
653,14.5,11,8.78,House,Single,1
654,18.15,2,6.89,House,Family,1
655,10.93,3,8.07,House,Single,0
656,3.93,7,2.88,Apartment,Family,0
657,12.675,8,0.0,Apartment,Family,1
658,9.35,12,5.93,House,Single,1
659,15.86,13,8.41,Apartment,Family,1
660,14.13,7,9.11,House,Family,1
661,9.19,11,0.62,Apartment,Single,0
662,23.69,5,6.9,House,Family,1
663,14.93,7,0.99,Condo,Single,0
664,6.46,7,5.71,Apartment,Family,0
665,3.34,7,3.23,House,Family,1
666,4.52,3,3.41,Apartment,Family,0
667,6.66,6,3.85,House,Family,1
668,4.7,3,6.4,House,Family,1
669,5.29,7,3.67,House,Family,1
670,7.56,13,0.0,House,Single,1
671,4.99,14,4.34,Unknown,Family,1
672,21.63,7,0.0,Apartment,Family,0
673,2.85,12,7.95,Unknown,Single,0
674,13.06,9,3.21,Condo,Single,0
675,12.675,5,4.61,Unknown,Family,1
676,23.59,8,7.01,Condo,Family,1
677,3.58,10,3.66,House,Single,0
678,10.15,10,1.04,Condo,Single,0
679,23.3,8,4.05,House,Single,1
680,12.675,1,9.47,House,Family,1
681,19.79,12,6.6,Condo,Single,0
682,6.93,5,6.88,House,Single,1
683,4.93,3,6.51,Apartment,Single,0
684,12.675,1,2.39,Apartment,Family,0
685,22.38,4,4.47,Apartment,Single,0
686,13.81,8,7.63,Unknown,Family,1
687,14.15,3,1.46,Apartment,Single,0
688,7.44,10,0.0,House,Family,1
689,12.675,2,3.13,House,Single,0
690,5.3,11,4.6,House,Family,1
691,8.44,9,9.81,House,Family,1
692,10.79,10,1.14,Apartment,Single,0
693,12.68,5,5.43,Apartment,Family,0
694,6.58,14,2.2,Apartment,Family,0
695,3.64,7,9.72,House,Single,0
696,15.04,11,1.58,Unknown,Single,0
697,12.675,11,4.33,Apartment,Single,0
698,12.675,2,7.51,House,Family,1
699,4.55,9,7.19,Condo,Family,1
700,12.07,13,4.52,Apartment,Single,0
701,13.25,9,3.79,House,Family,1
702,2.19,7,4.28,House,Family,0
703,8.74,4,3.01,House,Family,1
704,4.09,6,2.45,Condo,Single,0
705,2.46,10,5.09,Apartment,Family,0
706,23.77,10,3.05,Apartment,Family,1
707,8.41,10,3.23,Condo,Single,0
708,19.63,6,6.74,House,Family,1
709,6.86,12,9.7,House,Family,1
710,16.67,1,6.23,House,Family,1
711,18.49,14,1.23,House,Family,1
712,14.7,14,1.22,Condo,Family,1
713,11.85,7,9.54,Condo,Family,1
714,10.47,2,0.0,House,Single,0
715,9.02,5,0.0,Apartment,Single,0
716,12.675,9,0.0,Condo,Family,1
717,20.1,4,6.42,Apartment,Family,0
718,23.2,11,6.66,Apartment,Single,0
719,3.86,3,3.04,Condo,Family,0
720,17.81,7,0.64,Apartment,Family,0
721,22.58,6,9.67,Apartment,Single,0
722,5.17,8,2.88,Apartment,Single,0
723,2.53,3,6.92,Condo,Single,0
724,18.05,5,7.21,House,Family,1
725,14.21,10,6.3,Unknown,Single,1
726,20.36,4,3.47,Apartment,Single,0
727,4.21,13,3.08,House,Family,1
728,19.29,4,6.18,House,Single,1
729,5.64,4,8.73,Apartment,Single,0
730,4.76,10,9.49,House,Single,0
731,4.78,8,1.51,Apartment,Family,0
732,19.74,6,1.97,Condo,Single,1
733,16.3,3,9.47,Unknown,Single,0
734,13.03,10,7.5,Condo,Single,0
735,9.25,7,8.89,Apartment,Family,0
736,21.18,6,2.43,House,Single,0
737,10.03,5,6.08,House,Single,0
738,19.78,6,7.16,House,Single,1
739,11.1,7,6.96,Condo,Family,0
740,9.67,7,4.38,Apartment,Family,0
741,11.64,5,0.65,Apartment,Single,0
742,7.93,10,6.04,House,Family,1
743,18.2,6,2.9,House,Single,1
744,12.56,14,4.78,House,Single,1
745,6.34,4,9.6,Apartment,Family,0
746,21.69,12,4.29,House,Single,1
747,12.675,9,8.48,Apartment,Family,1
748,13.5,13,0.0,House,Single,1
749,21.85,4,6.89,House,Family,1
750,15.36,1,9.78,Unknown,Single,0
751,3.69,7,1.47,Apartment,Family,0
752,22.62,7,0.58,House,Single,0
753,15.44,4,4.62,Apartment,Family,0
754,8.7,13,1.38,Apartment,Single,0
755,4.2,14,0.0,House,Family,1
756,19.26,3,9.19,Condo,Single,0
757,15.26,7,4.62,Apartment,Family,0
758,13.27,5,2.96,House,Single,0
759,21.56,10,4.63,Condo,Single,0
760,19.14,7,7.37,Condo,Family,1
761,4.49,4,0.59,Apartment,Single,0
762,8.17,4,6.1,Condo,Single,0
763,6.72,8,0.0,Apartment,Family,0
764,18.11,14,6.56,Apartment,Family,1
765,1.77,8,2.8,Apartment,Single,0
766,14.11,2,7.28,Unknown,Family,1
767,18.54,14,1.37,Apartment,Single,1
768,21.17,2,2.39,Apartment,Single,0
769,8.87,3,8.84,Apartment,Family,0
770,19.89,12,7.52,Condo,Family,1
771,3.54,12,0.63,Condo,Family,0
772,20.47,7,2.86,Apartment,Single,0
773,3.93,1,2.54,Condo,Family,0
774,10.14,14,3.07,Condo,Single,0
775,19.34,3,2.85,House,Single,0
776,4.45,6,0.0,Apartment,Single,0
777,6.27,8,4.86,House,Family,1
778,17.61,7,7.46,Condo,Family,1
779,17.56,12,6.26,House,Family,1
780,15.75,14,6.89,Apartment,Family,1
781,16.96,10,1.27,House,Single,1
782,13.48,6,9.54,House,Single,1
783,6.79,5,8.47,Unknown,Single,0
784,8.95,4,8.15,Apartment,Single,0
785,5.18,3,8.32,Apartment,Family,0
786,21.89,13,9.36,Condo,Family,1
787,14.42,4,5.67,Condo,Single,0
788,10.22,14,0.0,Apartment,Single,0
789,11.63,7,6.36,Condo,Single,0
790,22.79,1,7.56,Apartment,Single,0
791,4.53,7,7.51,House,Family,1
792,14.48,1,5.45,House,Family,1
793,12.64,2,1.15,Condo,Family,0
794,15.06,4,0.0,Condo,Single,1
795,1.42,1,0.0,Apartment,Single,0
796,12.675,11,6.05,Unknown,Single,0
797,22.44,7,5.61,Apartment,Family,1
798,14.0,11,3.05,House,Family,1
799,17.02,11,4.0,House,Single,1
800,22.22,7,9.01,House,Family,1
801,17.27,12,6.83,Apartment,Family,1
802,4.51,6,7.98,Condo,Single,0
803,14.25,7,4.82,Apartment,Single,1
804,14.95,1,6.49,Apartment,Family,0
805,10.76,1,2.86,House,Family,0
806,17.94,6,7.2,House,Single,1
807,22.49,4,4.56,Unknown,Single,0
808,22.29,4,4.7,Apartment,Single,0
809,11.37,7,6.67,Unknown,Single,0
810,12.675,6,0.0,Condo,Family,0
811,23.65,14,1.11,House,Family,1
812,12.675,12,8.34,Apartment,Single,0
813,3.87,11,3.28,House,Family,1
814,22.18,7,4.72,House,Single,0
815,21.01,9,0.71,House,Single,1
816,12.93,10,3.36,House,Single,0
817,14.6,7,5.27,Condo,Single,0
818,10.18,9,1.03,Condo,Single,0
819,2.26,4,5.17,House,Family,1
820,8.71,13,9.31,Unknown,Single,0
821,19.47,10,1.5,Condo,Family,1
822,1.11,2,7.76,House,Single,0
823,8.67,3,0.0,House,Single,0
824,10.16,13,6.72,Apartment,Single,0
825,12.675,11,2.97,Condo,Family,1
826,22.16,1,2.02,House,Single,0
827,8.97,14,2.02,Apartment,Family,0
828,8.98,14,1.17,House,Family,1
829,17.96,6,2.26,Condo,Family,1
830,11.4,13,6.81,Apartment,Family,1
831,6.17,6,8.88,Condo,Single,0
832,11.41,1,8.23,House,Single,0
833,4.24,11,7.01,House,Single,0
834,5.06,13,1.55,Apartment,Family,0
835,12.46,3,3.25,Apartment,Single,0
836,10.64,5,3.44,Condo,Single,0
837,22.04,3,2.87,Apartment,Family,0
838,9.34,10,5.39,Unknown,Single,0
839,14.35,3,5.59,Apartment,Family,0
840,15.54,14,3.89,Apartment,Family,1
841,1.3,10,3.86,Apartment,Single,0
842,16.26,3,8.37,House,Single,1
843,5.09,5,8.0,Condo,Single,0
844,23.1,13,3.42,Apartment,Family,1
845,4.42,5,9.18,Apartment,Family,0
846,10.54,4,9.55,Apartment,Family,0
847,2.96,1,3.6,House,Family,0
848,23.93,7,3.87,House,Family,1
849,12.55,10,5.3,Condo,Single,0
850,12.675,5,9.44,House,Single,1
851,2.54,4,8.83,House,Family,1
852,18.25,6,1.47,Unknown,Single,0
853,5.83,7,4.23,Condo,Single,0
854,21.66,4,5.76,Apartment,Family,0
855,5.72,14,5.28,Apartment,Single,0
856,5.39,7,2.34,House,Family,0
857,1.84,7,8.66,House,Single,1
858,11.86,2,6.93,House,Single,0
859,13.99,3,8.46,House,Family,1
860,2.51,1,8.66,House,Single,0
861,18.84,8,7.61,Apartment,Single,0
862,11.43,7,4.67,Condo,Single,0
863,13.06,4,6.3,House,Single,0
864,11.14,6,2.02,House,Single,1
865,10.22,9,6.9,House,Single,0
866,13.87,6,2.2,Apartment,Single,0
867,4.57,14,7.09,House,Single,1
868,5.18,12,2.68,House,Family,1
869,20.82,12,1.62,Apartment,Family,1
870,22.76,12,2.07,Unknown,Single,1
871,12.675,9,0.52,Condo,Single,0
872,7.23,4,7.33,Unknown,Single,0
873,15.81,8,7.46,Condo,Single,0
874,10.4,9,0.0,Apartment,Family,1
875,1.58,4,2.03,Apartment,Family,0
876,4.59,5,1.29,Apartment,Single,0
877,17.47,14,0.68,House,Single,0
878,16.16,8,2.07,Unknown,Single,0
879,1.62,12,8.96,Apartment,Family,1
880,6.11,10,2.79,Condo,Single,0
881,6.31,7,3.87,Condo,Family,1
882,16.45,6,1.5,House,Family,1
883,1.45,12,2.61,Apartment,Single,0
884,3.39,7,5.43,Apartment,Family,0
885,19.4,3,6.27,Apartment,Family,1
886,5.11,7,2.83,House,Family,1
887,16.01,12,1.05,Condo,Single,0
888,6.48,14,4.21,House,Single,1
889,3.29,8,2.72,Apartment,Family,0
890,6.59,10,0.0,House,Family,1
891,12.675,6,9.62,Apartment,Family,1
892,20.68,10,6.35,Apartment,Family,1
893,12.675,9,5.79,House,Family,1
894,10.14,13,4.45,House,Family,1
895,16.37,6,4.57,Apartment,Single,0
896,5.71,12,5.64,Apartment,Family,0
897,12.675,9,7.12,Unknown,Family,1
898,21.62,13,7.17,Apartment,Family,1
899,1.3,4,2.13,Apartment,Family,0
900,2.97,8,5.25,Apartment,Single,0
901,5.78,7,0.0,Apartment,Family,0
902,1.61,4,8.77,Apartment,Single,0
903,5.17,2,6.5,Condo,Single,0
904,14.41,10,5.56,Apartment,Family,1
905,10.69,7,1.6,House,Single,0
906,21.53,9,6.25,House,Single,1
907,19.8,5,0.0,Unknown,Single,1
908,8.86,4,3.7,Condo,Single,0
909,6.97,2,1.86,Condo,Family,0
910,12.675,1,7.07,Apartment,Single,0
911,14.58,11,2.46,House,Family,1
912,7.17,7,4.22,House,Family,1
913,15.36,6,9.01,Condo,Single,0
914,10.42,2,0.0,House,Single,0
915,13.7,8,5.32,Condo,Family,1
916,11.03,11,4.48,House,Single,1
917,7.77,4,0.67,Apartment,Family,0
918,22.81,8,8.03,House,Family,1
919,18.56,7,1.16,Condo,Family,0
920,4.22,5,5.01,Condo,Family,0
921,20.97,10,5.83,Apartment,Single,0
922,12.21,10,0.0,Unknown,Single,1
923,21.57,12,7.04,Apartment,Family,1
924,12.675,8,2.91,Apartment,Single,0
925,10.78,14,0.59,House,Family,1
926,1.52,9,7.37,Apartment,Single,0
927,7.18,5,5.59,Condo,Family,0
928,12.675,10,8.44,Unknown,Family,1
929,15.57,5,8.3,Condo,Family,1
930,6.93,2,8.51,Apartment,Single,0
931,4.21,5,5.11,Unknown,Single,0
932,20.2,3,3.67,Apartment,Family,0
933,23.64,7,8.02,Apartment,Single,0
934,13.09,10,4.79,Apartment,Family,1
935,4.95,5,2.24,Unknown,Family,0
936,7.26,8,8.62,House,Family,1
937,1.42,1,8.88,Apartment,Family,0
938,22.03,7,4.93,House,Single,0
939,3.71,3,0.0,Apartment,Single,0
940,14.26,9,4.18,Condo,Family,1
941,7.3,5,8.13,Condo,Single,0
942,13.75,12,9.07,House,Single,1
943,15.98,9,2.43,Apartment,Family,0
944,20.08,13,1.14,Apartment,Single,0
945,5.75,9,8.83,Condo,Single,0
946,1.25,1,4.2,Apartment,Family,0
947,4.15,2,5.65,Apartment,Single,0
948,21.7,5,9.7,Apartment,Family,1
949,21.1,4,1.13,Apartment,Family,0
950,14.74,10,6.66,Apartment,Single,0
951,12.675,7,1.2,House,Single,0
952,16.3,7,4.07,Apartment,Family,1
953,5.03,6,8.14,House,Single,0
954,22.03,7,4.62,Apartment,Family,1
955,10.63,1,9.97,Apartment,Single,0
956,12.675,1,5.81,Condo,Family,0
957,12.94,8,3.55,Apartment,Family,0
958,12.675,13,2.59,Condo,Single,0
959,4.82,13,3.83,House,Single,0
960,17.97,2,4.04,Apartment,Single,0
961,2.9,12,1.15,Condo,Single,0
962,14.87,10,0.0,Apartment,Family,0
963,6.64,7,4.91,Condo,Family,0
964,9.95,9,7.37,Apartment,Single,0
965,7.64,7,6.74,Condo,Family,1
966,9.18,6,7.23,Apartment,Family,0
967,17.54,1,0.58,House,Single,0
968,7.83,1,2.57,House,Single,0
969,14.03,2,6.79,Condo,Family,1
970,11.95,6,5.1,Condo,Family,0
971,16.26,14,0.55,Condo,Family,1
972,12.675,6,8.14,Condo,Family,1
973,17.85,2,7.84,Unknown,Single,0
974,12.675,1,5.71,Apartment,Family,0
975,1.72,10,1.13,Unknown,Family,0
976,7.03,7,7.78,Apartment,Family,0
977,14.69,5,6.05,Apartment,Single,0
978,2.18,2,7.93,House,Single,0
979,12.42,6,7.64,Apartment,Single,0
980,14.73,9,8.13,Unknown,Single,1
981,8.69,2,0.0,Apartment,Single,0
982,18.73,10,1.83,Unknown,Family,1
983,3.45,2,6.88,House,Single,0
984,2.73,3,6.39,House,Single,0
985,17.75,13,7.55,House,Family,1
986,12.4,7,2.11,House,Family,1
987,16.83,6,2.35,Apartment,Family,0
988,11.0,12,8.96,House,Single,1
989,6.67,8,7.62,Apartment,Single,0
990,19.84,8,9.13,Apartment,Single,0
991,19.39,6,7.71,House,Single,1
992,12.675,12,6.17,Apartment,Family,1
993,7.26,11,6.71,Apartment,Single,0
994,14.58,10,8.95,Condo,Single,0
995,12.675,3,6.0,Condo,Family,0
996,3.11,3,0.0,Apartment,Family,0
997,22.1,1,1.99,Apartment,Family,0
998,4.15,7,5.0,Apartment,Single,0
999,22.86,5,7.31,Apartment,Single,0
1000,11.26,4,3.07,Condo,Single,0
1001,12.675,10,2.42,Apartment,Family,0
1002,13.46,4,3.48,House,Family,1
1003,21.08,14,2.79,Apartment,Family,1
1004,17.84,4,0.0,Condo,Single,0
1005,19.55,6,4.54,Apartment,Family,0
1006,16.15,8,9.12,House,Single,1
1007,16.92,7,5.32,Apartment,Family,1
1008,20.53,5,2.29,House,Family,1
1009,6.74,6,1.23,Apartment,Family,0
1010,12.26,4,7.11,Apartment,Family,0
1011,6.09,12,4.14,Condo,Family,0
1012,23.72,14,0.0,Condo,Family,1
1013,22.71,11,6.77,Condo,Family,1
1014,1.91,13,8.06,House,Single,0
1015,17.23,9,0.0,Condo,Family,1
1016,22.28,8,7.08,Apartment,Single,0
1017,12.675,10,3.01,Apartment,Family,0
1018,14.06,12,9.42,Apartment,Family,1
1019,22.06,10,6.55,House,Family,1
1020,12.675,1,3.58,Apartment,Single,0
1021,12.675,7,3.06,Apartment,Single,0
1022,7.84,7,2.31,House,Family,1
1023,22.26,8,7.1,Condo,Family,1
1024,23.33,14,2.58,Apartment,Family,1
1025,22.72,3,6.16,Apartment,Single,0
1026,12.675,7,3.01,Apartment,Family,0
1027,12.675,12,6.79,Apartment,Family,1
1028,20.42,1,8.24,Apartment,Single,0
1029,8.34,10,7.89,House,Single,1
1030,20.07,4,7.73,House,Family,1
1031,1.85,3,2.28,House,Family,0
1032,14.71,6,1.34,Unknown,Family,0
1033,6.29,7,7.14,Condo,Family,0
1034,3.77,7,4.0,Apartment,Family,0
1035,2.77,7,4.61,Unknown,Family,1
1036,17.01,9,0.8,Condo,Single,0
1037,8.82,11,2.97,Apartment,Single,0
1038,17.67,2,0.82,Apartment,Family,0
1039,12.675,11,8.85,Condo,Family,1
1040,8.25,3,2.81,Apartment,Family,0
1041,13.41,5,5.79,House,Family,1
1042,19.19,3,0.87,Apartment,Single,0
1043,8.33,11,6.84,House,Family,1
1044,15.4,8,3.57,Apartment,Single,0
1045,21.38,7,9.03,Apartment,Single,1
1046,15.16,10,8.94,House,Family,1
1047,12.675,7,3.59,Apartment,Family,0
1048,1.56,8,9.06,Apartment,Family,0
1049,21.01,12,9.96,Apartment,Single,1
1050,1.49,12,8.34,Apartment,Family,0
1051,21.12,9,0.0,Apartment,Single,0
1052,13.17,4,2.87,Apartment,Single,0
1053,22.6,5,0.0,Condo,Single,1
1054,12.675,5,1.14,Apartment,Single,0
1055,23.95,8,1.4,House,Family,1
1056,9.07,7,9.99,Apartment,Single,0
1057,12.675,9,3.6,Apartment,Family,1
1058,10.24,14,0.0,Condo,Single,0
1059,12.04,8,8.16,Apartment,Single,0
1060,12.675,2,8.65,Condo,Single,0
1061,21.09,10,9.98,Unknown,Single,1
1062,23.63,7,2.79,House,Family,1
1063,18.67,4,0.88,House,Family,1
1064,10.61,6,4.41,Condo,Single,0
1065,10.69,7,1.74,House,Single,0
1066,17.96,2,0.0,House,Family,1
1067,6.49,7,3.92,Apartment,Single,0
1068,3.54,3,7.95,Unknown,Single,0
1069,9.16,13,5.88,Condo,Single,0
1070,7.61,3,3.47,Unknown,Single,0
1071,7.82,11,6.72,Apartment,Family,1
1072,6.37,2,2.7,House,Family,0
1073,12.675,11,0.64,Apartment,Family,0
1074,1.41,8,7.76,Condo,Family,0
1075,23.72,6,6.43,House,Family,1
1076,10.84,1,7.74,House,Single,0
1077,9.84,12,0.87,Condo,Single,0
1078,16.63,1,8.45,Apartment,Single,0
1079,6.02,7,6.39,Apartment,Single,0
1080,22.85,8,5.85,House,Family,1
1081,12.675,5,6.43,Apartment,Family,1
1082,3.06,12,8.71,House,Single,1
1083,10.6,11,6.08,Condo,Family,1
1084,21.22,5,6.02,House,Family,1
1085,22.73,4,9.91,Apartment,Family,1
1086,11.75,14,7.69,Condo,Family,1
1087,15.11,6,4.7,House,Family,1
1088,12.675,7,0.0,House,Single,1
1089,23.8,6,4.2,Apartment,Family,1
1090,6.33,3,2.67,Condo,Family,0
1091,22.68,9,6.17,House,Single,1
1092,15.94,12,9.32,House,Single,1
1093,14.98,11,9.33,Condo,Family,1
1094,12.79,14,3.75,Unknown,Single,0
1095,6.31,7,5.51,House,Single,0
1096,5.06,1,2.51,Unknown,Family,0
1097,6.07,7,9.96,Unknown,Single,0
1098,5.29,7,9.82,House,Family,1
1099,18.93,5,6.67,Condo,Family,1
1100,9.05,5,8.14,House,Family,1
1101,2.33,14,7.29,House,Family,1
1102,23.29,13,6.14,Condo,Single,1
1103,21.33,2,1.01,Condo,Family,0
1104,22.34,4,4.82,Apartment,Family,1
1105,23.88,12,6.91,Apartment,Family,1
1106,5.0,6,6.94,House,Single,0
1107,10.11,10,4.04,House,Single,0
1108,18.44,11,9.45,House,Family,1
1109,17.01,7,2.09,House,Single,0
1110,4.54,11,5.25,Apartment,Family,0
1111,19.76,5,7.06,House,Single,1
1112,12.675,9,7.12,Unknown,Single,0
1113,6.15,3,6.66,Unknown,Single,0
1114,13.35,1,0.0,House,Single,0
1115,14.64,4,1.98,Apartment,Family,0
1116,14.34,9,6.54,Apartment,Family,1
1117,3.1,4,6.19,House,Single,0
1118,21.18,2,0.0,House,Family,1
1119,7.11,10,7.2,Apartment,Single,0
1120,3.98,14,4.82,Condo,Family,1
1121,21.44,14,6.84,Unknown,Single,1
1122,22.98,5,0.0,Unknown,Family,1
1123,20.83,7,2.11,House,Family,1
1124,19.62,13,0.68,House,Family,1
1125,16.07,12,7.9,Condo,Family,1
1126,13.67,13,6.29,Unknown,Family,1
1127,3.0,9,7.15,House,Family,1
1128,10.39,4,8.46,Apartment,Family,0
1129,9.57,6,8.13,House,Single,1
1130,6.97,2,9.63,Apartment,Family,0
1131,12.675,6,5.59,Apartment,Single,0
1132,12.41,3,5.14,Apartment,Family,0
1133,2.86,12,4.32,Apartment,Single,0
1134,6.06,12,1.96,Unknown,Family,1
1135,12.675,9,0.0,Apartment,Family,1
1136,12.675,11,3.13,House,Family,1
1137,20.58,2,9.25,Unknown,Single,0
1138,12.39,12,6.04,Unknown,Single,1
1139,12.05,12,6.13,Apartment,Family,1
1140,14.63,9,3.87,Unknown,Family,1
1141,19.97,7,0.99,House,Single,0
1142,9.0,8,0.8,House,Single,0
1143,16.59,2,4.52,House,Family,1
1144,14.01,6,1.3,Condo,Family,0
1145,7.14,3,6.27,House,Single,0
1146,12.675,12,8.87,Apartment,Single,0
1147,12.675,12,8.89,House,Single,1
1148,16.14,14,6.76,Apartment,Family,1
1149,20.56,7,2.51,Condo,Single,0
1150,20.95,5,8.7,Apartment,Single,0
1151,17.29,7,8.92,Apartment,Single,1
1152,20.25,8,2.37,Condo,Single,0
1153,17.04,10,7.51,House,Family,1
1154,12.675,14,3.22,Apartment,Single,0
1155,15.23,1,8.13,House,Single,0
1156,18.31,5,9.97,Condo,Family,1
1157,4.65,3,0.79,Apartment,Single,0
1158,21.26,4,9.02,Condo,Single,0
1159,21.05,2,6.41,Apartment,Family,0
1160,1.67,9,9.75,House,Family,1
1161,19.99,3,4.92,Condo,Family,1
1162,3.96,2,8.55,Apartment,Family,0
1163,12.675,10,1.09,House,Family,1
1164,18.1,11,3.69,Apartment,Single,0
1165,4.7,9,1.14,House,Family,1
1166,19.81,7,9.77,House,Family,1
1167,12.675,6,8.26,House,Family,1
1168,12.67,1,8.6,Apartment,Single,0
1169,1.15,5,9.41,Apartment,Single,0
1170,7.6,12,1.31,Apartment,Family,0
1171,15.19,11,0.0,Apartment,Family,0
1172,23.57,14,1.17,House,Family,1
1173,15.53,11,2.5,Condo,Single,0
1174,12.675,3,2.68,House,Single,0
1175,15.58,1,4.96,Unknown,Single,0
1176,13.42,4,0.0,Unknown,Family,0
1177,12.675,13,1.46,House,Single,1
1178,3.46,2,2.09,Condo,Single,0
1179,18.5,2,1.9,House,Family,1
1180,13.45,3,9.74,Apartment,Single,0
1181,23.15,8,7.71,Apartment,Family,1
1182,8.86,8,9.69,House,Single,1
1183,15.55,12,4.68,Apartment,Family,1
1184,22.44,7,3.14,Apartment,Family,1
1185,12.675,6,8.08,House,Family,1
1186,22.56,7,3.6,House,Family,1
1187,16.82,4,3.34,House,Single,0
1188,12.675,12,2.71,Apartment,Single,0
1189,7.92,1,1.73,Apartment,Single,0
1190,17.29,8,2.94,House,Family,1
1191,2.55,7,3.88,Condo,Family,0
1192,14.39,7,6.9,House,Family,1
1193,8.96,3,1.09,Unknown,Family,0
1194,15.28,4,2.5,House,Single,0
1195,2.05,10,0.0,House,Family,1
1196,21.05,9,1.9,Apartment,Family,0
1197,23.39,6,3.76,House,Single,1
1198,23.28,7,8.71,Unknown,Single,1
1199,18.24,3,1.97,House,Single,0
1200,3.99,9,1.29,House,Family,1
1201,18.44,5,5.1,House,Family,1
1202,1.57,5,3.37,Apartment,Single,0
1203,1.51,14,5.85,House,Single,0
1204,8.44,4,8.14,Apartment,Single,0
1205,12.24,14,1.8,Condo,Family,1
1206,12.675,4,6.02,Apartment,Single,1
1207,16.72,12,5.3,Apartment,Single,0
1208,11.26,1,1.87,House,Family,1
1209,7.29,7,6.43,House,Family,1
1210,12.675,9,3.1,House,Single,1
1211,10.8,3,5.13,Apartment,Single,0
1212,11.38,12,1.28,House,Family,1
1213,4.76,13,4.87,Apartment,Family,0
1214,19.28,2,3.41,Condo,Single,0
1215,16.95,3,8.31,Unknown,Single,0
1216,6.08,1,1.04,House,Single,0
1217,2.89,6,4.48,Unknown,Family,0
1218,16.65,11,4.86,House,Single,0
1219,16.05,11,7.39,Apartment,Single,0
1220,7.28,7,5.96,House,Family,1
1221,22.87,11,6.84,Apartment,Family,1
1222,4.47,11,7.88,Condo,Single,0
1223,10.94,2,8.69,Apartment,Single,0
1224,22.7,8,3.48,House,Family,1
1225,10.65,14,5.61,House,Single,1
1226,15.69,6,8.48,House,Single,1
1227,10.14,14,0.0,Apartment,Family,1
1228,7.31,4,8.95,Condo,Single,0
1229,23.63,5,4.03,House,Family,1
1230,10.41,8,2.35,House,Family,1
1231,21.56,14,5.15,Apartment,Single,0
1232,6.29,3,7.55,House,Single,0
1233,5.9,3,5.18,House,Family,1
1234,1.72,7,5.09,Apartment,Family,0
1235,15.99,14,8.46,Apartment,Family,1
1236,9.48,11,3.93,Condo,Family,0
1237,20.88,4,8.67,Apartment,Single,0
1238,11.88,1,4.36,Apartment,Family,0
1239,23.27,9,3.62,House,Single,1
1240,5.27,8,4.81,Unknown,Family,1
1241,20.98,7,7.74,Apartment,Single,0
1242,18.86,14,1.7,House,Single,1
1243,18.73,10,2.37,Apartment,Family,0
1244,20.43,6,9.54,Apartment,Family,1
1245,18.5,7,2.17,Unknown,Single,0
1246,15.4,6,5.89,Condo,Single,0
1247,4.02,9,6.0,Apartment,Family,0
1248,12.675,7,5.15,Apartment,Family,0
1249,22.18,14,6.63,House,Single,1
1250,15.18,7,2.68,Condo,Single,0
1251,19.32,3,5.75,Apartment,Single,0
1252,12.08,10,4.04,House,Family,1
1253,3.7,3,6.79,Unknown,Family,0
1254,3.88,9,1.84,House,Family,0
1255,16.77,12,5.92,Unknown,Family,1
1256,10.9,4,2.26,House,Single,0
1257,5.61,7,3.15,Apartment,Family,0
1258,12.31,7,2.58,Apartment,Family,0
1259,2.48,14,2.24,Apartment,Single,0
1260,14.39,9,8.34,Apartment,Single,0
1261,7.19,11,3.21,Apartment,Family,0
1262,19.34,12,9.31,House,Family,1
1263,8.14,7,9.71,Condo,Single,0
1264,11.47,9,5.93,Condo,Family,1
1265,1.27,12,1.86,Condo,Family,0
1266,2.67,3,4.06,House,Single,0
1267,10.03,4,8.08,House,Single,0
1268,12.04,14,3.99,Apartment,Single,0
1269,14.8,8,1.33,House,Family,1
1270,7.71,6,5.79,House,Single,0
1271,16.98,5,8.53,House,Single,1
1272,20.78,13,8.06,House,Family,1
1273,18.94,4,2.16,Apartment,Family,0
1274,1.91,8,6.89,Apartment,Single,0
1275,12.05,1,2.59,Condo,Single,0
1276,3.41,14,2.57,Apartment,Family,0
1277,6.57,9,8.8,House,Family,1
1278,23.69,1,2.87,Condo,Family,1
1279,12.675,8,3.0,Unknown,Single,0
1280,12.47,4,0.51,House,Family,1
1281,15.22,9,8.77,Apartment,Family,1
1282,17.16,7,8.03,Apartment,Family,1
1283,12.675,11,6.46,Condo,Family,1
1284,1.22,5,7.63,House,Single,0
1285,8.51,3,1.94,House,Single,0
1286,12.91,9,4.85,Apartment,Family,0
1287,3.02,11,3.84,Apartment,Single,0
1288,9.06,14,1.39,Condo,Family,0
1289,1.76,14,5.12,Apartment,Single,0
1290,2.81,9,9.25,House,Family,1
1291,10.13,4,0.88,Apartment,Family,0
1292,4.05,11,3.27,House,Single,0
1293,14.05,4,2.47,Condo,Single,0
1294,16.86,12,2.76,House,Family,1
1295,19.41,8,9.13,Apartment,Family,1
1296,5.6,2,4.95,House,Family,1
1297,4.85,9,4.93,House,Family,1
1298,3.41,13,7.73,House,Single,1
1299,15.64,14,1.97,Condo,Single,0
1300,17.25,6,5.13,Unknown,Family,1
1301,1.73,9,4.58,Condo,Family,0
1302,22.53,8,6.17,House,Family,1
1303,2.2,7,10.0,Apartment,Single,0
1304,13.45,13,7.81,Apartment,Single,0
1305,17.31,14,4.28,Apartment,Single,1
1306,21.03,1,8.36,Condo,Single,0
1307,17.42,14,2.12,House,Single,1
1308,19.44,7,0.79,House,Single,0
1309,12.675,3,0.0,Apartment,Single,0
1310,19.74,11,3.73,Apartment,Single,0
1311,2.84,14,5.35,Unknown,Single,0
1312,21.58,2,6.34,House,Single,1
1313,12.675,5,9.15,Apartment,Single,0
1314,19.8,5,5.34,House,Family,1
1315,11.4,5,5.26,Apartment,Single,0
1316,15.8,4,0.98,Apartment,Single,0
1317,13.11,5,0.83,Unknown,Family,1
1318,17.83,3,5.74,Apartment,Family,0
1319,2.88,12,4.66,Condo,Family,0
1320,2.39,1,8.47,Apartment,Single,0
1321,6.68,5,0.0,Apartment,Family,0
1322,4.67,13,0.74,Apartment,Single,0
1323,21.05,9,4.77,House,Single,1
1324,6.04,13,2.76,House,Single,0
1325,23.44,9,0.97,House,Family,1
1326,8.75,4,7.38,Apartment,Single,0
1327,5.19,3,1.56,Apartment,Single,0
1328,19.16,1,6.28,House,Single,0
1329,16.15,2,3.17,Condo,Family,0
1330,12.46,8,2.15,Condo,Family,0
1331,13.77,1,4.11,Unknown,Single,0
1332,17.54,7,8.11,House,Family,1
1333,6.25,13,4.22,Condo,Family,0
1334,23.92,7,7.63,Apartment,Family,1
1335,23.42,8,1.69,Condo,Single,0
1336,15.96,12,7.84,Apartment,Single,1
1337,5.59,6,2.75,Condo,Single,0
1338,16.65,12,6.94,House,Family,1
1339,2.66,7,5.87,Condo,Single,0
1340,1.71,9,9.33,House,Single,0
1341,6.93,3,4.18,Apartment,Single,0
1342,11.64,10,1.13,Condo,Family,0
1343,20.97,4,0.68,Apartment,Single,0
1344,12.675,13,8.36,Apartment,Family,1
1345,18.08,6,5.48,House,Single,1
1346,10.79,8,7.86,House,Family,1
1347,8.96,5,2.73,Condo,Family,0
1348,12.675,3,3.78,Apartment,Family,0
1349,23.72,6,0.0,House,Family,1
1350,1.92,4,9.63,House,Family,1
1351,20.94,9,6.84,Apartment,Single,0
1352,14.31,13,0.0,Apartment,Family,1
1353,11.09,3,3.02,Apartment,Single,0
1354,12.675,4,0.0,Apartment,Family,0
1355,12.19,7,6.95,Condo,Family,1
1356,21.09,7,3.52,House,Single,1
1357,21.72,12,8.56,House,Single,1
1358,10.7,12,9.5,Condo,Family,1
1359,7.37,4,8.91,Apartment,Family,0
1360,12.675,6,7.52,Condo,Family,1
1361,21.98,12,3.14,House,Family,1
1362,5.85,7,3.18,Condo,Family,0
1363,15.33,3,9.65,Apartment,Family,1
1364,15.53,6,0.6,Condo,Single,0
1365,17.86,7,7.3,Apartment,Single,0
1366,4.03,2,7.21,Apartment,Family,0
1367,17.46,7,6.42,Unknown,Family,1
1368,21.91,2,0.0,Apartment,Family,1
1369,5.13,11,0.0,House,Single,0
1370,6.46,7,3.73,House,Single,0
1371,23.34,9,1.25,House,Single,1
1372,5.16,1,0.0,Apartment,Single,0
1373,12.675,7,2.98,Apartment,Single,0
1374,12.32,7,3.76,Apartment,Family,0
1375,6.69,6,8.43,Unknown,Single,1
1376,21.03,6,9.39,Apartment,Family,1
1377,11.24,6,2.26,Apartment,Single,0
1378,12.675,9,4.04,Apartment,Family,0
1379,9.26,2,9.32,Unknown,Single,0
1380,14.64,1,1.09,Unknown,Single,0
1381,4.76,13,1.38,Condo,Single,0
1382,9.99,12,2.05,Apartment,Family,0
1383,23.3,6,6.15,House,Family,1
1384,6.94,10,1.93,House,Family,1
1385,16.1,11,9.7,House,Single,1
1386,12.675,8,4.74,House,Family,1
1387,18.79,3,5.26,House,Single,1
1388,4.01,12,2.84,House,Single,0
1389,23.31,10,4.97,Apartment,Family,1
1390,11.44,1,6.79,House,Family,1
1391,6.43,9,7.64,House,Single,0
1392,2.69,7,7.66,Apartment,Single,0
1393,4.9,13,5.99,Apartment,Single,0
1394,12.95,1,9.09,Unknown,Single,0
1395,8.75,3,8.27,House,Single,0
1396,12.675,8,7.69,House,Family,1
1397,10.91,14,1.03,Condo,Single,0
1398,6.72,3,0.57,House,Family,0
1399,15.19,13,2.52,House,Family,1
1400,17.26,4,6.8,House,Family,1
1401,4.84,8,4.41,Condo,Single,0
1402,4.86,7,4.32,House,Family,0
1403,1.84,13,8.9,House,Single,1
1404,17.94,7,9.01,Apartment,Single,0
1405,16.27,6,9.14,Condo,Family,1
1406,11.92,1,3.48,House,Single,0
1407,12.675,7,7.07,Apartment,Single,1
1408,19.53,1,3.08,Condo,Single,0
1409,14.46,14,2.31,House,Single,0
1410,20.97,8,2.25,Apartment,Family,0
1411,5.73,11,3.75,House,Family,1
1412,3.57,7,4.58,House,Family,0
1413,7.2,12,8.39,Condo,Single,0
1414,2.31,1,1.64,Apartment,Single,0
1415,13.22,10,7.48,Condo,Single,0
1416,22.54,7,5.55,House,Single,1
1417,1.9,5,3.24,Apartment,Single,0
1418,3.81,5,5.18,Condo,Family,0
1419,11.4,1,3.35,House,Family,0
1420,12.675,14,6.16,Apartment,Family,1
1421,8.27,10,4.62,House,Single,0
1422,12.67,7,0.0,Condo,Family,1
1423,1.96,6,0.0,Apartment,Single,0
1424,4.41,7,0.0,Apartment,Single,0
1425,23.69,9,9.07,Apartment,Family,1
1426,23.2,9,3.77,Apartment,Family,1
1427,1.11,7,7.46,House,Single,0
1428,22.89,5,6.76,House,Single,1
1429,15.7,1,9.35,Apartment,Single,0
1430,20.96,9,8.3,Apartment,Family,1
1431,11.46,7,5.88,Apartment,Family,0
1432,12.86,8,6.74,Condo,Family,1
1433,12.24,5,9.03,Apartment,Single,0
1434,12.675,7,4.3,Condo,Single,0
1435,4.21,11,3.6,House,Family,1
1436,12.675,7,0.6,Apartment,Single,0
1437,8.08,7,8.35,Condo,Single,0
1438,17.21,9,8.11,House,Family,1
1439,5.64,7,0.0,House,Family,0
1440,16.49,13,5.98,Condo,Family,1
1441,12.675,11,4.91,Apartment,Family,1
1442,3.16,14,1.63,Apartment,Family,0
1443,12.675,3,9.82,Unknown,Family,1
1444,11.21,11,2.54,Apartment,Family,0
1445,20.97,13,0.0,Apartment,Single,0
1446,5.07,14,6.15,Apartment,Single,0
1447,16.93,7,0.0,Apartment,Single,0
1448,12.675,1,0.81,House,Family,1
1449,22.73,8,6.76,Apartment,Single,0
1450,12.675,12,5.56,House,Family,1
1451,12.44,3,1.48,House,Single,0
1452,15.21,12,2.14,House,Single,0
1453,20.98,8,5.9,Unknown,Family,1
1454,14.12,8,3.32,House,Single,0
1455,1.7,13,9.41,Apartment,Single,0
1456,22.41,5,8.28,House,Single,1
1457,16.86,13,9.84,Condo,Family,1
1458,16.56,12,2.97,House,Single,1
1459,5.96,13,9.71,House,Family,1
1460,16.15,1,4.6,House,Family,1
1461,10.06,13,3.8,Apartment,Single,0
1462,15.98,10,0.98,Condo,Single,0
1463,3.45,7,1.0,Condo,Single,0
1464,16.13,12,7.07,Apartment,Family,1
1465,23.99,7,4.85,Unknown,Single,1
1466,2.11,5,2.65,Condo,Single,0
1467,23.48,8,6.33,Condo,Family,1
1468,10.36,9,2.9,House,Family,1
1469,21.03,11,5.99,House,Single,1
1470,18.99,14,3.91,Apartment,Single,0
1471,14.04,7,8.32,Condo,Family,1
1472,17.98,7,8.3,Apartment,Family,1
1473,21.21,13,5.03,House,Family,1
1474,10.3,7,3.83,Apartment,Family,0
1475,8.52,1,3.94,Apartment,Family,0
1476,16.35,4,8.15,House,Family,1
1477,19.58,2,3.62,Unknown,Family,0
1478,18.53,2,2.49,Apartment,Single,0
1479,19.35,2,1.3,House,Family,1
1480,11.02,7,4.93,Apartment,Single,0
1481,19.81,14,5.08,Apartment,Single,0
1482,3.76,1,8.49,Unknown,Family,1
1483,13.52,4,2.6,House,Single,0
1484,1.13,2,4.12,Apartment,Family,0
1485,8.47,5,8.18,Apartment,Single,0
1486,9.43,3,0.0,Apartment,Family,0
1487,10.11,12,4.15,Apartment,Family,0
1488,17.0,8,4.86,Condo,Family,1
1489,9.94,4,3.38,Condo,Single,0
1490,11.32,1,9.36,Apartment,Single,0
1491,6.46,1,1.63,House,Family,0
1492,9.58,12,9.37,Condo,Single,0
1493,6.23,10,7.0,Unknown,Family,0
1494,2.68,3,0.0,Condo,Family,0
1495,14.88,9,0.0,Condo,Single,0
1496,16.37,7,5.02,Apartment,Single,0
1497,15.25,2,4.37,Apartment,Single,0
1498,12.675,13,2.03,Condo,Family,1
1499,9.74,9,6.74,House,Single,1
1500,20.86,10,9.73,Apartment,Single,1
